{"_wandb":{"runtime":145},"_step":9,"train/accuracy":0.9654074074074074,"val/accuracy":0.9585,"val/loss":0.052813842820242464,"_runtime":145,"grad_norm/layer_0":0.21114071518318894,"val/f1":0.9582108991396268,"_timestamp":1.7727405643545873e+09,"train/loss":0.05063077364594344,"train/f1":0.965106147953146,"epoch":10}