{"_timestamp":1.772731689322783e+09,"val/f1":0.020197782439316754,"_wandb":{"runtime":43},"grad_norm/layer_0":1.528928144006332e-07,"epoch":10,"train/f1":0.02020376906173004,"_step":9,"_runtime":43,"val/accuracy":0.11233333333333333,"train/accuracy":0.11237037037037037,"val/loss":0.47139299964362746,"train/loss":0.4723301481856919}