{"_timestamp":1.7727362616610885e+09,"train/loss":0.029621247428670734,"_runtime":100,"val/loss":0.10254380169925603,"epoch":10,"grad_norm/layer_0":0.07440442348005495,"val/accuracy":0.9706666666666667,"_wandb":{"runtime":100},"_step":9,"val/f1":0.9703919611164193,"train/accuracy":0.9876666666666667,"train/f1":0.987529131112276}