{"epoch":10,"_step":9,"train/loss":0.6334945594066703,"grad_norm/layer_0":0.0363033942736658,"val/loss":0.729311278721228,"train/accuracy":0.675037037037037,"val/f1":0.6793710785142907,"_wandb":{"runtime":212},"val/accuracy":0.6811666666666667,"_timestamp":1.7727117895618913e+09,"train/f1":0.675137454298796,"_runtime":212}