{"train/accuracy":0.8692592592592593,"_wandb":{"runtime":47},"val/accuracy":0.8691666666666666,"grad_norm/layer_0":0.3267225791919114,"_step":9,"train/f1":0.8709620921459933,"val/f1":0.8704157130775666,"val/loss":0.10132775894569696,"epoch":10,"train/loss":0.09764034077245404,"_runtime":47,"_timestamp":1.7727147929029732e+09}