{"grad_norm/layer_0":0.12056231317433401,"train/accuracy":0.9970925925925926,"_wandb":{"runtime":70},"val/accuracy":0.9746666666666667,"epoch":10,"_runtime":70,"_step":9,"train/f1":0.9970921070689605,"train/loss":0.019861085952520143,"_timestamp":1.772737157781053e+09,"val/f1":0.9744600960099113,"val/loss":0.10309498072952379}