{"_step":9,"_timestamp":1.772716129805702e+09,"train/accuracy":0.9107592592592593,"train/loss":0.07307287441880936,"_runtime":73,"val/accuracy":0.8943333333333333,"grad_norm/layer_0":0.26845580382787154,"epoch":10,"val/f1":0.8948310456552748,"_wandb":{"runtime":73},"val/loss":0.07948874332426968,"train/f1":0.9110801115663218}