{"grad_norm/layer_0":0.3396837091010289,"_runtime":168,"epoch":10,"_wandb":{"runtime":168},"_timestamp":1.7727156702788868e+09,"val/f1":0.8755335144169317,"train/loss":0.1103165136951659,"val/loss":0.10727660881536294,"val/accuracy":0.8766666666666667,"train/accuracy":0.8757962962962963,"train/f1":0.8741906791462009,"_step":9}