{"_timestamp":1.772709771887058e+09,"val/loss":2.3025559399799937,"train/f1":0.01818181818181818,"train/loss":2.302620451547651,"_runtime":59,"grad_norm/layer_0":0.0009591383340825302,"epoch":10,"val/f1":0.01818181818181818,"_step":9,"val/accuracy":0.1,"_wandb":{"runtime":59},"train/accuracy":0.1}