{"_timestamp":1.7727363895486858e+09,"_step":9,"val/f1":0.9272554493024974,"grad_norm/layer_0":0.24925543845934386,"_wandb":{"runtime":97},"train/loss":0.09753152625099903,"val/loss":0.09804492044317052,"val/accuracy":0.9278333333333333,"_runtime":97,"epoch":10,"train/accuracy":0.9307962962962963,"train/f1":0.9300289546616713}