{"val/loss":0.17074060870050303,"_step":9,"epoch":10,"train/loss":0.15327972193636746,"_wandb":{"runtime":111},"grad_norm/layer_0":0.9368860370345548,"_timestamp":1.7727865456438377e+09,"_runtime":111,"train/f1":0.95724147550534,"val/f1":0.9509212874620301,"val/accuracy":0.9513333333333334,"train/accuracy":0.9576481481481481}