{"train/loss":0.42148071138168874,"val/loss":0.46766544250893033,"_wandb":{"runtime":72},"val/f1":0.8257088095757235,"train/f1":0.8225152712813651,"epoch":10,"grad_norm/layer_0":0.5895355593025522,"_timestamp":1.7727180125391474e+09,"_step":9,"train/accuracy":0.8227962962962962,"_runtime":72,"val/accuracy":0.8261666666666667}