{"train/f1":0.8981794679601123,"val/loss":0.08583736724001635,"_wandb":{"runtime":149},"train/loss":0.08235008903991733,"grad_norm/layer_0":0.19830256353968856,"epoch":10,"val/f1":0.885382660650236,"train/accuracy":0.8995925925925926,"_runtime":149,"_timestamp":1.7727153881730506e+09,"_step":9,"val/accuracy":0.8868333333333334}