{"_step":9,"epoch":10,"val/f1":0.9735263356354524,"val/loss":0.024073083170932392,"_timestamp":1.7727408403016503e+09,"train/loss":0.020498204459590774,"train/f1":0.9832076687655917,"_runtime":124,"val/accuracy":0.9736666666666667,"_wandb":{"runtime":124},"train/accuracy":0.9833518518518518,"grad_norm/layer_0":0.23028857586344162}