{"val/f1":0.9690196996794972,"train/loss":0.03542132928529292,"_timestamp":1.7727416977303934e+09,"epoch":10,"_runtime":87,"grad_norm/layer_0":0.255344110395355,"val/accuracy":0.9691666666666666,"_step":9,"val/loss":0.038701263357892764,"_wandb":{"runtime":87},"train/f1":0.9753415070922754,"train/accuracy":0.975462962962963}