{"train/f1":0.9737418398717648,"_step":9,"val/f1":0.9563800818720518,"_runtime":192,"train/accuracy":0.9738888888888889,"epoch":10,"_wandb":{"runtime":192},"grad_norm/layer_0":0.7787066134318171,"train/loss":0.10233284557259942,"val/loss":0.1497460620912959,"_timestamp":1.7727311101444426e+09,"val/accuracy":0.9566666666666667}