{"val/loss":0.09939925188383882,"train/f1":0.8813321566226666,"train/accuracy":0.882462962962963,"_step":9,"epoch":10,"grad_norm/layer_0":0.37003195310492254,"_timestamp":1.7727145439809957e+09,"val/accuracy":0.8778333333333334,"_wandb":{"runtime":56},"_runtime":56,"val/f1":0.8764585893591894,"train/loss":0.10087351675976482}