{"_timestamp":1.7727090109873376e+09,"val/accuracy":0.8556666666666667,"grad_norm/layer_0":0.7780018350016141,"train/f1":0.8540113046656439,"_wandb":{"runtime":116},"_step":9,"train/accuracy":0.8583333333333333,"val/loss":0.4183495846784275,"val/f1":0.8521829910287344,"train/loss":0.3999342215589422,"_runtime":116,"epoch":10}