{"grad_norm/layer_0":0.27002996058488077,"epoch":10,"train/loss":0.140809328770423,"val/f1":0.9564197250484874,"val/loss":0.2790793554053775,"_runtime":341,"train/accuracy":0.9668888888888889,"_timestamp":1.7727314750544624e+09,"_step":9,"val/accuracy":0.9566666666666667,"train/f1":0.9665272706802938,"_wandb":{"runtime":341}}