{"val/loss":0.0924181867246222,"_timestamp":1.7727379949852757e+09,"train/loss":0.035070368383416935,"val/accuracy":0.9743333333333334,"train/f1":0.9924812256609356,"_wandb":{"runtime":152},"_step":9,"epoch":10,"train/accuracy":0.9925185185185185,"_runtime":152,"grad_norm/layer_0":0.9539423672589463,"val/f1":0.9741532433317379}