{"val/loss":0.10740255521616732,"_runtime":55,"_timestamp":1.7727133974608252e+09,"val/accuracy":0.8686666666666667,"val/f1":0.8703541169753537,"_step":9,"epoch":10,"train/f1":0.8651866540085511,"train/loss":0.10631452918674712,"grad_norm/layer_0":0.26720663820264196,"_wandb":{"runtime":55},"train/accuracy":0.8632962962962963}