{"best_val_acc":0.977,"_wandb":{"runtime":96},"val_loss":0.09035810102984605,"train_acc":0.9938888888888889,"_timestamp":1.77296808672687e+09,"train_loss":0.03051926253696228,"test_acc":0.9753,"val_acc":0.9728333333333333,"_runtime":96,"_step":50,"epoch":50}