{"_wandb":{"runtime":339},"_step":9,"_timestamp":1.7727355400056238e+09,"train/loss":0.17786959660807988,"_runtime":339,"val/f1":0.9419876873957133,"val/loss":0.20427239336476763,"val/accuracy":0.9425,"grad_norm/layer_0":0.3982244677139364,"train/accuracy":0.9448703703703704,"epoch":10,"train/f1":0.9441915464022184}