{"val/accuracy":0.8311666666666667,"grad_norm/layer_0":4.836508005139672,"_wandb":{"runtime":335},"val/f1":0.8281491403146445,"_timestamp":1.7727096987335858e+09,"train/accuracy":0.8241481481481482,"train/f1":0.8203808241884938,"val/loss":0.4845345638444971,"_runtime":335,"train/loss":0.5027560703669184,"epoch":10,"_step":9}