{"val/f1":0.9671143967820708,"_wandb":{"runtime":79},"train/loss":0.08754855772416269,"epoch":10,"val/accuracy":0.9673333333333334,"val/loss":0.11971176094363727,"grad_norm/layer_0":0.9456539153991682,"_timestamp":1.7727459875499887e+09,"_step":9,"train/accuracy":0.9777592592592592,"_runtime":79,"train/f1":0.9776053919421619}