{"train/f1":0.8714616381929087,"_wandb":{"runtime":73},"_step":9,"val/f1":0.8662848436573464,"_timestamp":1.7727081890703723e+09,"_runtime":73,"epoch":10,"val/accuracy":0.8713333333333333,"train/loss":0.342781939471973,"grad_norm/layer_0":1.4680406571218458,"val/loss":0.3479752552048254,"train/accuracy":0.8763333333333333}