{"train/accuracy":0.8734444444444445,"_step":9,"val/f1":0.8776601421779919,"_wandb":{"runtime":101},"train/loss":0.10924189664669628,"_runtime":101,"val/accuracy":0.8783333333333333,"_timestamp":1.772719688665277e+09,"val/loss":0.1089151364573318,"grad_norm/layer_0":0.6539029164633678,"epoch":10,"train/f1":0.872803239781922}