{"_runtime":80,"train/accuracy":0.9937592592592592,"epoch":10,"val/accuracy":0.9773333333333334,"val/f1":0.9771397991677967,"_step":9,"grad_norm/layer_0":0.14487749936287295,"_timestamp":1.7727369457742047e+09,"_wandb":{"runtime":80},"train/f1":0.9937237078839191,"train/loss":0.0069809261027485294,"val/loss":0.019868835030763362}