{"grad_norm/layer_0":0.2234378000183566,"_timestamp":1.7727427566769226e+09,"train/loss":0.1365284527649304,"val/loss":0.13589386054186756,"_runtime":48,"epoch":10,"val/f1":0.9041918359449594,"_step":9,"train/f1":0.9076787507996433,"train/accuracy":0.9087592592592593,"_wandb":{"runtime":48},"val/accuracy":0.9051666666666667}