{"grad_norm/layer_0":0.6539029164633678,"_runtime":103,"train/loss":0.10924189664669628,"train/f1":0.872803239781922,"val/accuracy":0.8783333333333333,"_step":9,"_timestamp":1.7727120603792472e+09,"val/loss":0.1089151364573318,"train/accuracy":0.8734444444444445,"val/f1":0.8776601421779919,"_wandb":{"runtime":103},"epoch":10}