{"epoch":10,"_timestamp":1.772738969337781e+09,"train/loss":0.08502110723791945,"val/loss":0.086493089560861,"grad_norm/layer_0":0.4007810873944261,"_runtime":344,"train/f1":0.9432616800009528,"val/f1":0.9383864046251722,"_step":9,"_wandb":{"runtime":344},"train/accuracy":0.9437592592592593,"val/accuracy":0.9388333333333333}