{"_wandb":{"runtime":72},"train/accuracy":0.9457222222222222,"_step":9,"train/f1":0.9451256041700999,"_timestamp":1.7727463347074122e+09,"train/loss":0.19620282291312147,"val/loss":0.21163462361402682,"val/accuracy":0.9403333333333334,"grad_norm/layer_0":1.1839614368877218,"_runtime":72,"epoch":10,"val/f1":0.9398694985645015}