{"grad_norm/layer_0":0.3396837091010289,"val/accuracy":0.8766666666666667,"val/loss":0.10727660881536294,"train/f1":0.8741906791462009,"_step":9,"_timestamp":1.7727169989137502e+09,"train/loss":0.1103165136951659,"_runtime":170,"epoch":10,"train/accuracy":0.8757962962962963,"val/f1":0.8755335144169317,"_wandb":{"runtime":170}}