{"_step":9,"grad_norm/layer_0":0.02793739478188137,"train/f1":0.9946991887790151,"val/loss":0.10444414433239017,"val/accuracy":0.9741666666666666,"epoch":10,"_wandb":{"runtime":89},"val/f1":0.9739803685084354,"train/accuracy":0.9947222222222222,"_runtime":89,"train/loss":0.02153386809464842,"_timestamp":1.7727357881639736e+09}