{"_runtime":146,"train/loss":0.08568881242789143,"_step":9,"_wandb":{"runtime":146},"_timestamp":1.7727119475609004e+09,"train/accuracy":0.8844074074074074,"val/f1":0.8813432129339793,"grad_norm/layer_0":0.04084580725998888,"train/f1":0.8867613306794471,"epoch":10,"val/loss":0.09126700935729565,"val/accuracy":0.8786666666666667}