{"_runtime":78,"_step":9,"_wandb":{"runtime":78},"val/f1":0.8895883905297162,"epoch":10,"val/loss":0.0972851645446805,"grad_norm/layer_0":0.5260035593064002,"_timestamp":1.772713191625151e+09,"train/loss":0.09484575126973478,"val/accuracy":0.8896666666666667,"train/accuracy":0.8963888888888889,"train/f1":0.8962615161055079}