{"train/f1":0.02020376906173004,"val/loss":2.318967710673521,"_step":9,"val/accuracy":0.11233333333333333,"_wandb":{"runtime":153},"train/loss":2.310813014763441,"_timestamp":1.7727899994740636e+09,"epoch":10,"train/accuracy":0.11237037037037037,"val/f1":0.020197782439316754,"grad_norm/layer_0":0.007916428110909618,"_runtime":153}