{"_timestamp":1.7727158781372864e+09,"_step":9,"epoch":10,"val/accuracy":0.8818333333333334,"val/loss":0.0872215107406986,"train/loss":0.07782778747746248,"_wandb":{"runtime":199},"train/accuracy":0.8905740740740741,"train/f1":0.8897075612365877,"_runtime":199,"grad_norm/layer_0":0.18993414285496915,"val/f1":0.8810515420039519}