{"_timestamp":1.772717071807107e+09,"train/f1":0.8457593769594572,"_runtime":55,"epoch":10,"train/accuracy":0.8449444444444445,"val/accuracy":0.8495,"_wandb":{"runtime":55},"grad_norm/layer_0":0.18530322401322075,"val/f1":0.8498391892388449,"val/loss":0.13134545824944246,"train/loss":0.13894954638011298,"_step":9}