{"train/f1":0.9665377723287408,"grad_norm/layer_0":1.8066407527137176,"epoch":2,"train/accuracy":0.9667037037037037,"_runtime":14,"val/f1":0.9559895732185643,"train/loss":0.1187811430640576,"val/accuracy":0.9561666666666667,"val/loss":0.1397432054460685,"_timestamp":1.7728845890591178e+09,"_step":1,"_wandb":{"runtime":14}}