{"_timestamp":1.772740398014815e+09,"_runtime":133,"val/f1":0.9725174126470189,"grad_norm/layer_0":0.20164527427664908,"val/accuracy":0.9726666666666667,"train/loss":0.025474402871712282,"train/accuracy":0.9817592592592592,"val/loss":0.031062745280340046,"_wandb":{"runtime":133},"train/f1":0.9816500103576449,"epoch":10,"_step":9}