{"val/f1":0.8813432129339793,"_runtime":124,"grad_norm/layer_0":0.04084580725998888,"train/loss":0.08568881242789143,"_wandb":{"runtime":124},"_timestamp":1.7727105018464115e+09,"epoch":10,"val/accuracy":0.8786666666666667,"_step":9,"val/loss":0.09126700935729565,"train/f1":0.8867613306794471,"train/accuracy":0.8844074074074074}