{"_step":9,"train/accuracy":0.9864444444444445,"_timestamp":1.7727456513924513e+09,"epoch":10,"train/f1":0.9863177181962876,"val/loss":0.09308525586115336,"grad_norm/layer_0":0.6405607109780838,"val/f1":0.9704931401915935,"_runtime":76,"val/accuracy":0.9706666666666667,"train/loss":0.051997974819684614,"_wandb":{"runtime":76}}