{"grad_norm/layer_0":0.6513142751094669,"val/f1":0.8496094314166219,"_timestamp":1.772708295164238e+09,"epoch":10,"val/accuracy":0.8508333333333333,"train/accuracy":0.8497962962962963,"train/f1":0.847724044690886,"_step":9,"_wandb":{"runtime":92},"_runtime":92,"train/loss":0.4332438831639008,"val/loss":0.4164783060255918}