{"_step":9,"_timestamp":1.7727457442077947e+09,"val/loss":0.20433843121823805,"grad_norm/layer_0":0.5861553472200549,"_runtime":74,"epoch":10,"val/accuracy":0.9441666666666667,"train/loss":0.18788794405948647,"val/f1":0.9437136991337371,"train/f1":0.9486058413124434,"_wandb":{"runtime":74},"train/accuracy":0.9490925925925926}