{"_wandb":{"runtime":314},"_runtime":314,"train/loss":0.27150899471862594,"_timestamp":1.772748990908024e+09,"train/f1":0.908500633828187,"train/accuracy":0.9094074074074074,"val/loss":0.3018328083969252,"grad_norm/layer_0":1.2943675529940584,"_step":19,"val/accuracy":0.8918333333333334,"val/f1":0.8907908374576181,"epoch":20}