{"train/loss":0.2327767982324634,"val/f1":0.9327756606490567,"epoch":10,"grad_norm/layer_0":0.7833126922870142,"val/loss":0.24542692602757185,"train/f1":0.9353223167388371,"_runtime":60,"_wandb":{"runtime":60},"val/accuracy":0.9333333333333333,"_timestamp":1.7727420642075105e+09,"train/accuracy":0.9360740740740741,"_step":9}