{"_wandb":{"runtime":117},"epoch":10,"train/f1":0.9346528600543949,"val/accuracy":0.9323333333333333,"_timestamp":1.772734502803082e+09,"val/loss":0.24878939914343748,"_step":9,"val/f1":0.9318285110746356,"train/loss":0.24134791039123782,"grad_norm/layer_0":0.30271049161952274,"_runtime":117,"train/accuracy":0.9353703703703704}