{"val/accuracy":0.8568333333333333,"_wandb":{"runtime":78},"train/loss":0.10803941567127566,"_timestamp":1.7727183866070752e+09,"epoch":10,"train/accuracy":0.8517777777777777,"_runtime":78,"grad_norm/layer_0":0.3881810949185294,"_step":9,"train/f1":0.8502821888692977,"val/f1":0.8556198977138788,"val/loss":0.1107001826344637}