{"_wandb":{"runtime":43},"grad_norm/layer_0":0.06786539135570109,"train/loss":0.4408266786335431,"_runtime":43,"val/f1":0.7224816950952769,"val/loss":0.3851805122714975,"_timestamp":1.7727168162708843e+09,"train/accuracy":0.7363333333333333,"train/f1":0.7192441090414855,"epoch":10,"_step":9,"val/accuracy":0.7386666666666667}