{"train/accuracy":0.9671481481481482,"_runtime":63,"epoch":10,"val/accuracy":0.9616666666666667,"grad_norm/layer_0":0.1870915056443746,"val/loss":0.05017467980646084,"train/f1":0.9669201712060465,"val/f1":0.9614669447441336,"train/loss":0.04704909299424188,"_step":9,"_timestamp":1.772741989043249e+09,"_wandb":{"runtime":63}}