{"train/accuracy":0.7369444444444444,"train/f1":0.7240612811097701,"epoch":10,"_timestamp":1.7727124497538733e+09,"_runtime":68,"val/accuracy":0.7378333333333333,"val/f1":0.7256648464903408,"_step":9,"train/loss":0.2410545397233398,"val/loss":0.239016826821817,"_wandb":{"runtime":68},"grad_norm/layer_0":0.49506571714687087}