{"epoch":10,"_timestamp":1.7727444233790703e+09,"_runtime":67,"_step":9,"grad_norm/layer_0":0.180222396319222,"train/f1":0.9693861913605157,"train/loss":0.09420686468289124,"val/loss":0.14068022142594944,"_wandb":{"runtime":67},"val/accuracy":0.9586666666666667,"train/accuracy":0.9695370370370371,"val/f1":0.9584920221086207}