{"val/f1":0.9352182072539931,"_runtime":169,"_timestamp":1.7727432435848238e+09,"_step":9,"_wandb":{"runtime":169},"train/loss":0.2332767932805268,"train/accuracy":0.9404814814814815,"val/loss":0.24211736201363662,"grad_norm/layer_0":0.20967638820821485,"val/accuracy":0.9356666666666666,"train/f1":0.9398635413859344,"epoch":10}