{"_step":9,"train/f1":0.9720696299748763,"val/f1":0.9588938134396944,"_wandb":{"runtime":48},"train/loss":0.10857460390966386,"val/loss":0.13337749333735285,"train/accuracy":0.9722407407407407,"epoch":10,"_timestamp":1.7727447600735512e+09,"val/accuracy":0.9591666666666666,"grad_norm/layer_0":0.46684570917842066,"_runtime":48}