{"train/accuracy":0.4867222222222222,"train/f1":0.4233586440633215,"val/loss":0.38810065816828576,"val/accuracy":0.4851666666666667,"_step":9,"_timestamp":1.7727192459429266e+09,"_wandb":{"runtime":206},"val/f1":0.4228939489593726,"grad_norm/layer_0":9.814983084858319e-12,"epoch":10,"_runtime":206,"train/loss":0.3167759265780926}