{"train/loss":0.11866398857932405,"train/f1":0.8639891874998142,"epoch":10,"_timestamp":1.7727177084225445e+09,"val/f1":0.8630573853773791,"_wandb":{"runtime":332},"_runtime":332,"val/loss":0.11694883201135954,"train/accuracy":0.865537037037037,"grad_norm/layer_0":0.30717772712007874,"_step":9,"val/accuracy":0.8643333333333333}