{"_step":19,"_timestamp":1.7727036095442123e+09,"train/f1":0.908500633828187,"_runtime":175,"grad_norm/layer_0":1.2943675529940584,"val/accuracy":0.8918333333333334,"epoch":20,"_wandb":{"runtime":175},"train/loss":0.27150899471862594,"train/accuracy":0.9094074074074074,"val/f1":0.8907908374576181,"val/loss":0.3018328083969252}