{"train/loss":0.4920914148689373,"_wandb":{"runtime":327},"grad_norm/layer_0":0.726064321198602,"_step":9,"epoch":10,"train/f1":0.4592478877146656,"_timestamp":1.772739568205816e+09,"train/accuracy":0.5050555555555556,"val/loss":1.9345719821272696,"val/f1":0.46311085143828823,"val/accuracy":0.5115,"_runtime":327}