{"_timestamp":1.7727186024494443e+09,"val/accuracy":0.7551666666666667,"_runtime":204,"val/loss":0.24782732711128916,"grad_norm/layer_0":0.06597543495510955,"epoch":10,"_wandb":{"runtime":204},"val/f1":0.7415144624894143,"train/accuracy":0.7508703703703704,"train/f1":0.7367195743019902,"train/loss":0.7946861343404515,"_step":9}