{"val/f1":0.9432553090818725,"_wandb":{"runtime":89},"val/accuracy":0.9436666666666667,"train/accuracy":0.9521296296296297,"_timestamp":1.7727452620935516e+09,"_step":9,"val/loss":0.19375501049395796,"_runtime":89,"train/loss":0.17815830592958154,"train/f1":0.9516466118551129,"epoch":10,"grad_norm/layer_0":0.8585180223461538}