{"val/loss":0.09641757246635939,"val/accuracy":0.8753333333333333,"_wandb":{"runtime":69},"grad_norm/layer_0":0.2473326378871836,"train/loss":0.09609373951737532,"train/f1":0.8827867226201056,"train/accuracy":0.8851481481481481,"_step":9,"epoch":10,"_runtime":69,"_timestamp":1.772714870262465e+09,"val/f1":0.8732925118542045}