{"train/accuracy":0.8664074074074074,"val/f1":0.8627533012487563,"train/f1":0.8649851141678188,"_runtime":214,"_timestamp":1.77273781869664e+09,"val/accuracy":0.8636666666666667,"val/loss":0.489976413149684,"_step":9,"epoch":10,"_wandb":{"runtime":214},"grad_norm/layer_0":1.0920800852857646,"train/loss":0.538497732917382}