{"_step":9,"train/accuracy":0.9652037037037037,"train/f1":0.9649140171401843,"val/loss":0.14954213895436436,"val/accuracy":0.9583333333333334,"_runtime":366,"_wandb":{"runtime":366},"epoch":10,"val/f1":0.9579986969600721,"train/loss":0.12917678457979923,"grad_norm/layer_0":0.08307703602374186,"_timestamp":1.7727324512557154e+09}