{"train/accuracy":0.801537037037037,"_timestamp":1.7727133255061996e+09,"epoch":10,"_wandb":{"runtime":120},"train/loss":0.14664844478495448,"val/accuracy":0.8026666666666666,"_step":9,"train/f1":0.7733347425134205,"grad_norm/layer_0":0.04983245927777347,"val/f1":0.7742438893821785,"_runtime":120,"val/loss":0.14133168077238217}