{"_step":9,"train/loss":0.052015417503935533,"_runtime":103,"epoch":10,"_wandb":{"runtime":103},"grad_norm/layer_0":0.4865480492553312,"val/loss":0.12413685878592236,"val/accuracy":0.9716666666666667,"train/f1":0.9886435472434231,"_timestamp":1.7727372808943393e+09,"val/f1":0.9712909660951498,"train/accuracy":0.9887962962962963}