{"grad_norm/layer_0":0.8570754707688573,"epoch":10,"_runtime":133,"train/loss":0.05291804367583594,"_wandb":{"runtime":133},"train/accuracy":0.9890925925925926,"val/accuracy":0.9721666666666666,"_step":9,"train/f1":0.9890141341289048,"_timestamp":1.77274679083432e+09,"val/loss":0.08808514868054425,"val/f1":0.9719315115586236}