{"_runtime":200,"train/accuracy":0.8572592592592593,"epoch":10,"train/f1":0.8553732591066462,"_timestamp":1.77271403544073e+09,"val/f1":0.8587392635767849,"grad_norm/layer_0":0.10451518481918506,"val/loss":0.11555293162154033,"train/loss":0.11983251534543744,"_step":9,"_wandb":{"runtime":200},"val/accuracy":0.8601666666666666}