{"train/accuracy":0.09862962962962964,"_step":9,"_wandb":{"runtime":78},"epoch":10,"val/f1":0.01796116504854369,"_runtime":78,"val/accuracy":0.09866666666666667,"train/loss":0.4508459024933783,"train/f1":0.017955028149546574,"grad_norm/layer_0":0.0015807513514781585,"val/loss":0.45144934030002526,"_timestamp":1.7727384259653244e+09}