{"val/loss":0.13994967995206212,"train/accuracy":0.8419629629629629,"val/accuracy":0.8441666666666666,"val/f1":0.8426920931568835,"_runtime":112,"epoch":10,"train/loss":0.142715301329953,"_step":9,"grad_norm/layer_0":0.4839140676898307,"train/f1":0.8400508802586157,"_timestamp":1.7727108527556224e+09,"_wandb":{"runtime":112}}