{"_wandb":{"runtime":147},"train/loss":0.05291804367583594,"val/loss":0.08808514868054425,"val/accuracy":0.9721666666666666,"_runtime":147,"grad_norm/layer_0":0.8570754707688573,"train/f1":0.9890141341289048,"_timestamp":1.7727911131540236e+09,"_step":9,"epoch":10,"val/f1":0.9719315115586236,"train/accuracy":0.9890925925925926}