{"grad_norm/layer_0":0.07421414953530614,"val/accuracy":0.8043333333333333,"val/loss":0.1820643828868552,"epoch":10,"_runtime":98,"_step":9,"train/loss":0.15535211157448064,"train/accuracy":0.8001666666666667,"_timestamp":1.7727111559193256e+09,"_wandb":{"runtime":98},"train/f1":0.8004297258185114,"val/f1":0.8046317513441299}