{"_wandb":{"runtime":73},"train/loss":0.029697770272890972,"_step":9,"val/loss":0.08044276010401259,"_timestamp":1.7727448513124905e+09,"train/f1":0.9936130204029459,"epoch":10,"val/f1":0.9770903651431937,"grad_norm/layer_0":0.05335503444818065,"_runtime":73,"train/accuracy":0.9936666666666667,"val/accuracy":0.9773333333333334}