{"train/accuracy":0.8692592592592593,"_timestamp":1.7727165936657917e+09,"_runtime":44,"train/loss":0.09764034077245404,"_wandb":{"runtime":44},"val/accuracy":0.8691666666666666,"train/f1":0.8709620921459933,"val/loss":0.10132775894569696,"val/f1":0.8704157130775666,"grad_norm/layer_0":0.3267225791919114,"epoch":10,"_step":9}