{"val/accuracy":0.8846666666666667,"val/f1":0.8852452674901088,"val/loss":0.0868996399520401,"train/loss":0.09184153682953808,"train/f1":0.8915637838490168,"_timestamp":1.772711565321705e+09,"_step":9,"_runtime":90,"_wandb":{"runtime":90},"grad_norm/layer_0":0.2947139596038224,"train/accuracy":0.8913148148148148,"epoch":10}