{"_step":9,"train/accuracy":0.9353888888888889,"val/f1":0.9285481734219037,"val/loss":0.07484460767871715,"_wandb":{"runtime":72},"_timestamp":1.772738082088841e+09,"epoch":10,"train/loss":0.07271711917188127,"val/accuracy":0.9288333333333333,"train/f1":0.934911014624857,"_runtime":72,"grad_norm/layer_0":0.24895296213032697}