{"grad_norm/layer_0":0.1413906580170634,"train/accuracy":0.9562222222222222,"val/accuracy":0.9526666666666667,"train/f1":0.9560162645207461,"val/f1":0.9523901242040506,"_timestamp":1.772745416410537e+09,"_step":9,"_wandb":{"runtime":69},"val/loss":0.1794789003215896,"epoch":10,"train/loss":0.1921043976701706,"_runtime":69}