{"val/loss":0.14789093965413916,"_wandb":{"runtime":246},"_step":9,"val/accuracy":0.9583333333333334,"epoch":10,"train/loss":0.12933451243746938,"train/accuracy":0.9660740740740741,"_timestamp":1.7727331794690526e+09,"grad_norm/layer_0":0.07909237091722104,"_runtime":246,"train/f1":0.9658102728899447,"val/f1":0.9579663580877427}