{"val/loss":0.08577775782947945,"train/accuracy":0.9907777777777778,"_wandb":{"runtime":114},"val/accuracy":0.9751666666666666,"train/loss":0.042941932129648905,"grad_norm/layer_0":0.8531301596279756,"train/f1":0.990771409869249,"_runtime":114,"val/f1":0.9750709622023532,"_timestamp":1.772856434225153e+09,"_step":19,"epoch":20}