{"val/loss":0.09773885932718551,"_runtime":79,"_wandb":{"runtime":79},"train/loss":0.06564190350140059,"val/accuracy":0.9698333333333333,"_timestamp":1.7727445214460526e+09,"val/f1":0.9696796059474563,"train/f1":0.9827414085302293,"train/accuracy":0.9828703703703704,"epoch":10,"grad_norm/layer_0":0.5969873997764276,"_step":9}