{"val/accuracy":0.9311666666666667,"_runtime":81,"train/loss":0.07086405425579911,"grad_norm/layer_0":0.24256785510217688,"train/accuracy":0.9382592592592592,"_step":9,"train/f1":0.9378880397200129,"val/loss":0.07370875527473601,"_timestamp":1.7727368412714713e+09,"_wandb":{"runtime":81},"val/f1":0.9309469232071684,"epoch":10}