{"_step":9,"epoch":10,"val/accuracy":0.884,"grad_norm/layer_0":0.305861298501466,"val/loss":0.10305453182963858,"train/accuracy":0.8867222222222222,"train/loss":0.10316634858799632,"_timestamp":1.7727109412573023e+09,"train/f1":0.8863555380903125,"_wandb":{"runtime":68},"_runtime":68,"val/f1":0.883583646480892}