{"val/f1":0.9711961379330603,"val/accuracy":0.9713333333333334,"train/loss":0.028489708096396758,"val/loss":0.03263928621876821,"_wandb":{"runtime":80},"grad_norm/layer_0":0.22956687610946802,"_step":9,"train/accuracy":0.9787222222222223,"train/f1":0.9786220610277212,"epoch":10,"_runtime":80,"_timestamp":1.7727428556930137e+09}