{"train/loss":0.18063451417803916,"train/accuracy":0.9512037037037037,"train/f1":0.9507493135427401,"grad_norm/layer_0":0.7054749034716795,"val/accuracy":0.9483333333333334,"val/loss":0.1967360619720708,"_step":9,"_wandb":{"runtime":297},"_timestamp":1.772732913999679e+09,"val/f1":0.947874587713925,"epoch":10,"_runtime":297}