{"val/loss":0.10442949516199629,"train/f1":0.8889032192400663,"epoch":10,"val/f1":0.8814527030722038,"_runtime":72,"_wandb":{"runtime":72},"train/accuracy":0.8893148148148148,"grad_norm/layer_0":0.3379479001019085,"train/loss":0.10288871852429658,"_step":9,"val/accuracy":0.8818333333333334,"_timestamp":1.7727121545120687e+09}