{"_timestamp":1.7728861450739555e+09,"val/f1":0.9719315115586236,"grad_norm/layer_0":0.8570754707688573,"_runtime":71,"_step":9,"val/accuracy":0.9721666666666666,"epoch":10,"train/f1":0.9890141341289048,"_wandb":{"runtime":71},"train/loss":0.05291804367583594,"train/accuracy":0.9890925925925926,"val/loss":0.08808514868054425}