{"val/loss":0.10986292758602334,"train/loss":0.025810886219761936,"train/accuracy":0.9917962962962963,"_timestamp":1.7727458226215303e+09,"_runtime":60,"grad_norm/layer_0":0.4449677387789339,"epoch":10,"train/f1":0.9917108121031426,"_wandb":{"runtime":60},"val/accuracy":0.9713333333333334,"_step":9,"val/f1":0.9711862838524057}