{"val/f1":0.8360974026953615,"train/f1":0.8302287982161245,"train/accuracy":0.8329814814814814,"_wandb":{"runtime":71},"_timestamp":1.7727200231452265e+09,"_step":9,"_runtime":71,"train/loss":0.15328746154541703,"grad_norm/layer_0":0.39801752637524135,"val/accuracy":0.8381666666666666,"val/loss":0.1506300727510805,"epoch":10}