{"val/loss":0.0972851645446805,"train/f1":0.8962615161055079,"_step":9,"val/accuracy":0.8896666666666667,"_timestamp":1.772712641240509e+09,"epoch":10,"train/loss":0.09484575126973478,"val/f1":0.8895883905297162,"grad_norm/layer_0":0.5260035593064002,"_wandb":{"runtime":97},"_runtime":97,"train/accuracy":0.8963888888888889}