{"val/f1":0.8723912952160946,"_timestamp":1.7727105934524632e+09,"train/loss":0.3529417376267781,"val/accuracy":0.8743333333333333,"_wandb":{"runtime":70},"grad_norm/layer_0":2.0201540371736426,"train/accuracy":0.8766851851851852,"_step":9,"train/f1":0.8746554731807852,"_runtime":70,"epoch":10,"val/loss":0.35056099661994256}