{"_step":9,"val/f1":0.9759373436441153,"train/accuracy":0.9902962962962963,"val/accuracy":0.9761666666666666,"train/f1":0.9902700358891263,"grad_norm/layer_0":0.44319634619108533,"val/loss":0.08352800573970996,"train/loss":0.04464729178164985,"_runtime":51,"_wandb":{"runtime":51},"_timestamp":1.7727421368075023e+09,"epoch":10}