{"grad_norm/layer_0":1.3061805027568973,"_wandb":{"runtime":826},"val/loss":0.30248748644960266,"_timestamp":1.7727505654579003e+09,"epoch":20,"val/accuracy":0.8901666666666667,"_runtime":826,"train/accuracy":0.9022222222222223,"train/loss":0.2793003994790424,"train/f1":0.9023743631489726,"val/f1":0.8900695099156775,"_step":19}