{"grad_norm/layer_0":1.5160886730723382,"train/loss":0.7834527001294069,"_timestamp":1.7727179285714056e+09,"train/f1":0.787286440066611,"epoch":10,"train/accuracy":0.7911851851851852,"val/loss":0.6660782849459747,"_step":9,"_wandb":{"runtime":203},"val/f1":0.7897017927788957,"_runtime":203,"val/accuracy":0.7911666666666667}