{"train/loss":14.093359003986297,"val/loss":18.035597202396897,"train/f1":0.0185422897274774,"val/f1":0.01853924088915772,"grad_norm/layer_0":0.014322990204434456,"_step":9,"_runtime":155,"_timestamp":1.7727905427798784e+09,"epoch":10,"val/accuracy":0.10216666666666667,"_wandb":{"runtime":155},"train/accuracy":0.10218518518518518}