{"_timestamp":1.7727140995745716e+09,"epoch":10,"train/loss":0.10826195270136223,"train/accuracy":0.8775740740740741,"train/f1":0.8761676136880494,"val/accuracy":0.8761666666666666,"_runtime":46,"_step":9,"val/f1":0.8749411479744016,"grad_norm/layer_0":0.626351798446677,"_wandb":{"runtime":46},"val/loss":0.10767952571242334}