{"train/accuracy":0.8662592592592593,"_wandb":{"runtime":48},"grad_norm/layer_0":0.34078878120358597,"train/loss":0.11115814162475499,"train/f1":0.8650077658779342,"_step":9,"epoch":10,"val/accuracy":0.8628333333333333,"_runtime":48,"_timestamp":1.7727189447744713e+09,"val/loss":0.10883285715769776,"val/f1":0.8619953183847204}