{"train/loss":0.0981108779736819,"_wandb":{"runtime":207},"_runtime":207,"grad_norm/layer_0":0.19901239606794702,"train/f1":0.8807980740672573,"_step":9,"train/accuracy":0.8804444444444445,"val/accuracy":0.8751666666666666,"epoch":10,"_timestamp":1.7727182898242729e+09,"val/loss":0.09797495811506447,"val/f1":0.8753554892934249}