{"grad_norm/layer_0":4.166754670634985,"epoch":20,"val/loss":0.30655377566022285,"_timestamp":1.7727495838191795e+09,"_wandb":{"runtime":267},"val/f1":0.8890172064037557,"train/loss":0.23228460218027178,"train/accuracy":0.9158148148148149,"val/accuracy":0.8893333333333333,"_step":19,"train/f1":0.9155825123778326,"_runtime":267}