{"_runtime":79,"val/f1":0.8931012085412368,"train/accuracy":0.9054814814814814,"_wandb":{"runtime":79},"train/loss":0.0906919265357287,"_timestamp":1.7727152300543137e+09,"val/accuracy":0.8926666666666667,"_step":9,"val/loss":0.09619695242394395,"grad_norm/layer_0":0.16592187509330597,"train/f1":0.905544003639025,"epoch":10}