{"train/f1":0.9621463180675761,"val/loss":0.1575884345733219,"epoch":10,"val/f1":0.9541731490931911,"_timestamp":1.772789628942937e+09,"train/loss":0.15083566501862278,"val/accuracy":0.9543333333333334,"_wandb":{"runtime":249},"_runtime":249,"_step":9,"train/accuracy":0.9623518518518519,"grad_norm/layer_0":0.15826480319260783}