{"val/accuracy":0.8543333333333333,"grad_norm/layer_0":0.1676809725683446,"_wandb":{"runtime":64},"_step":9,"train/loss":0.12460177745093533,"epoch":10,"val/loss":0.11730556247372993,"train/f1":0.8461907797228783,"val/f1":0.8517470825000022,"train/accuracy":0.8499629629629629,"_runtime":64,"_timestamp":1.7727164581606963e+09}