{"val/f1":0.9578831898397592,"_runtime":138,"train/accuracy":0.9664259259259259,"val/accuracy":0.9581666666666667,"train/f1":0.9661245177040231,"_wandb":{"runtime":138},"train/loss":0.12437187373488057,"_timestamp":1.7727316330975745e+09,"val/loss":0.1427139167845887,"_step":9,"epoch":10,"grad_norm/layer_0":0.07572945876036116}