{"grad_norm/layer_0":1.064723853097061,"train/f1":0.944989887508315,"_timestamp":1.772736617118538e+09,"_runtime":207,"val/accuracy":0.9393333333333334,"val/loss":0.2127854273931097,"val/f1":0.9387457708182179,"train/loss":0.1801110889003403,"epoch":10,"train/accuracy":0.9454259259259259,"_step":9,"_wandb":{"runtime":207}}