{"train/loss":0.08520745466909482,"val/loss":0.09538088414337038,"_runtime":78,"epoch":10,"train/f1":0.9818914001326444,"_wandb":{"runtime":78},"_timestamp":1.7727449480234818e+09,"train/accuracy":0.9819814814814815,"val/f1":0.9707498492566339,"val/accuracy":0.9708333333333333,"_step":9,"grad_norm/layer_0":0.2119576750343047}