{"_wandb":{"runtime":140},"_step":9,"val/accuracy":0.7713333333333333,"train/f1":0.7589612851803469,"grad_norm/layer_0":0.2047848542590305,"_runtime":140,"train/loss":0.17268382880499772,"epoch":10,"val/loss":0.16379442812001707,"_timestamp":1.7727173651143184e+09,"val/f1":0.7624504323130022,"train/accuracy":0.770074074074074}