{"_wandb":{"runtime":40},"val/loss":0.2638464286632633,"train/f1":0.9289023076808324,"val/f1":0.9270084208919865,"grad_norm/layer_0":0.5563002591288334,"train/accuracy":0.9297407407407408,"_timestamp":1.7727435979894705e+09,"epoch":10,"val/accuracy":0.9276666666666666,"_runtime":40,"_step":9,"train/loss":0.2547985875166203}