{"epoch":10,"train/loss":0.10771883145188305,"val/loss":0.11532422587398418,"train/accuracy":0.9750740740740741,"grad_norm/layer_0":0.8477528618018844,"val/accuracy":0.9676666666666667,"train/f1":0.9749206010712838,"_step":9,"val/f1":0.9675691672979522,"_wandb":{"runtime":108},"_timestamp":1.7727360634534492e+09,"_runtime":108}