{"grad_norm/layer_0":0.08893628449710438,"_timestamp":1.7727088735416608e+09,"epoch":10,"train/f1":0.4261502617561789,"train/loss":1.2777110385455785,"_wandb":{"runtime":58},"_runtime":58,"val/loss":1.2521978292156433,"train/accuracy":0.5082592592592593,"_step":9,"val/f1":0.4284717418821712,"val/accuracy":0.5071666666666667}