{"val/accuracy":0.8743333333333333,"epoch":10,"_runtime":80,"train/accuracy":0.8772962962962964,"_wandb":{"runtime":80},"grad_norm/layer_0":0.3103200225305319,"train/f1":0.8770709545095039,"_timestamp":1.7727083950758295e+09,"_step":9,"val/loss":0.0950796275047799,"val/f1":0.8743843760541263,"train/loss":0.09621852919500458}