{"_runtime":100,"_step":50,"val_loss":0.3165654206452815,"val_acc":0.8916666666666667,"best_val_acc":0.9023333333333333,"_wandb":{"runtime":100},"_timestamp":1.772969678841022e+09,"train_loss":0.20814799948726506,"train_acc":0.9203518518518519,"test_acc":0.8874,"epoch":50}