{"train/accuracy":0.8347037037037037,"train/f1":0.8328794866184582,"epoch":10,"_runtime":61,"_step":9,"_timestamp":1.7727190203586442e+09,"val/f1":0.840877598047911,"grad_norm/layer_0":0.25697947116546793,"_wandb":{"runtime":61},"val/loss":0.13876913443487618,"val/accuracy":0.842,"train/loss":0.14154599168935897}