{"val/loss":0.3992536533458315,"_wandb":{"runtime":99},"val/f1":0.8484005125829297,"_step":9,"_runtime":99,"val/accuracy":0.8493333333333334,"_timestamp":1.772711267206961e+09,"train/accuracy":0.8473333333333334,"epoch":10,"train/f1":0.8462714915625892,"train/loss":0.38034395944802324,"grad_norm/layer_0":0.7083151373402605}