{"grad_norm/layer_0":0.255344110395355,"train/loss":0.03542132928529292,"val/accuracy":0.9691666666666666,"val/loss":0.038701263357892764,"_step":9,"epoch":10,"train/accuracy":0.975462962962963,"_timestamp":1.7727430554872842e+09,"_wandb":{"runtime":57},"_runtime":57,"train/f1":0.9753415070922754,"val/f1":0.9690196996794972}