{"_timestamp":1.7727134717690067e+09,"_runtime":63,"train/loss":0.10924189664669628,"val/accuracy":0.8783333333333333,"epoch":10,"val/loss":0.1089151364573318,"train/f1":0.872803239781922,"val/f1":0.8776601421779919,"train/accuracy":0.8734444444444445,"_wandb":{"runtime":63},"_step":9,"grad_norm/layer_0":0.6539029164633678}