{"epoch":10,"train/accuracy":0.9907777777777778,"_step":9,"val/f1":0.9709412743510388,"val/loss":0.0936825190333375,"_wandb":{"runtime":126},"val/accuracy":0.9711666666666666,"_timestamp":1.7727879560718184e+09,"_runtime":126,"train/loss":0.034838283903565984,"train/f1":0.9906970592207609,"grad_norm/layer_0":1.0162421907846428}