{"val/f1":0.8931012085412368,"train/loss":0.0906919265357287,"epoch":10,"_wandb":{"runtime":70},"_timestamp":1.772716219274181e+09,"_step":9,"_runtime":70,"val/loss":0.09619695242394395,"val/accuracy":0.8926666666666667,"grad_norm/layer_0":0.16592187509330597,"train/accuracy":0.9054814814814814,"train/f1":0.905544003639025}