{"_wandb":{"runtime":68},"val/f1":0.7924279319857093,"epoch":10,"grad_norm/layer_0":0.13193313463283793,"val/loss":0.15356942161282713,"_runtime":68,"train/loss":0.15736424827054862,"_step":9,"_timestamp":1.772712530328346e+09,"train/f1":0.7826681438384957,"train/accuracy":0.7937222222222222,"val/accuracy":0.8018333333333333}