{"_timestamp":1.7727114544962332e+09,"train/accuracy":0.8734444444444445,"val/loss":0.1089151364573318,"train/loss":0.10924189664669628,"val/accuracy":0.8783333333333333,"train/f1":0.872803239781922,"_step":9,"_runtime":86,"epoch":10,"grad_norm/layer_0":0.6539029164633678,"_wandb":{"runtime":86},"val/f1":0.8776601421779919}