{"train/f1":0.02020376906173004,"val/accuracy":0.11233333333333333,"train/accuracy":0.11237037037037037,"val/f1":0.020197782439316754,"_step":9,"_timestamp":1.7727450995800018e+09,"epoch":10,"_runtime":68,"grad_norm/layer_0":0.015836024060199006,"train/loss":2.310813014763441,"_wandb":{"runtime":68},"val/loss":2.318967710673521}