{"val/loss":0.11850164508787704,"_step":9,"val/f1":0.8656950406338032,"train/accuracy":0.8672777777777778,"_wandb":{"runtime":57},"_runtime":57,"train/f1":0.8660245913343406,"train/loss":0.12094537737131024,"grad_norm/layer_0":0.2672628624532529,"epoch":10,"val/accuracy":0.8668333333333333,"_timestamp":1.7727186783995283e+09}