{"_wandb":{"runtime":185},"train/accuracy":0.4875555555555556,"val/loss":1.4332320550533975,"_timestamp":1.7727383223964717e+09,"train/f1":0.42950121379784345,"epoch":10,"_runtime":185,"val/f1":0.42380719577003756,"val/accuracy":0.4831666666666667,"_step":9,"grad_norm/layer_0":0.30563593686254353,"train/loss":1.45791727241878}