{"train/loss":0.9599488611163207,"grad_norm/layer_0":0.46638974017767604,"val/f1":0.13866100464467757,"val/accuracy":0.23183333333333334,"train/accuracy":0.23735185185185184,"_timestamp":1.772718888094508e+09,"_step":9,"epoch":10,"_wandb":{"runtime":192},"train/f1":0.14650518490384298,"_runtime":192,"val/loss":1.4128435602379543}