{"_wandb":{"runtime":46},"train/loss":0.31314358391830954,"_runtime":46,"val/loss":0.3264566540713239,"train/accuracy":0.887,"grad_norm/layer_0":0.5975227509933307,"train/f1":0.8879794103440746,"val/f1":0.8851444439666691,"epoch":10,"val/accuracy":0.8843333333333333,"_step":9,"_timestamp":1.7727147376370223e+09}