{"val/accuracy":0.9598333333333333,"_step":9,"epoch":10,"train/f1":0.9663348973228201,"_timestamp":1.7727333047203066e+09,"train/accuracy":0.9665185185185186,"_wandb":{"runtime":103},"grad_norm/layer_0":0.2088157626117283,"val/loss":0.15173629359310792,"val/f1":0.959557621443043,"_runtime":103,"train/loss":0.13820275505107113}