{"val/loss":0.14188593229841193,"val/f1":0.8112125748242175,"val/accuracy":0.8121666666666667,"_timestamp":1.7727171361387897e+09,"_runtime":42,"epoch":10,"train/loss":0.1561043274851536,"_step":9,"train/accuracy":0.8104814814814815,"train/f1":0.8105173867367638,"grad_norm/layer_0":0.14401931117076053,"_wandb":{"runtime":42}}