{"_step":9,"train/f1":0.9760521018849326,"val/accuracy":0.9648333333333333,"epoch":10,"val/loss":0.11481772024700365,"train/accuracy":0.9762777777777778,"_wandb":{"runtime":62},"_timestamp":1.7727458960368083e+09,"grad_norm/layer_0":0.8518927946475058,"train/loss":0.08616242655228455,"val/f1":0.9645496815241978,"_runtime":62}