{"val/accuracy":0.9236666666666666,"val/f1":0.9229469806745871,"_timestamp":1.7727455573408933e+09,"val/loss":0.26786352469084246,"train/loss":0.2611005486261368,"_step":9,"_wandb":{"runtime":59},"train/accuracy":0.9269074074074074,"train/f1":0.9259420701675367,"_runtime":59,"epoch":10,"grad_norm/layer_0":0.6783555472993319}