{"val/f1":0.9719315115586236,"_step":9,"train/accuracy":0.9890925925925926,"train/f1":0.9890141341289048,"_timestamp":1.7727884271219244e+09,"epoch":10,"_runtime":139,"val/loss":0.08808514868054425,"train/loss":0.05291804367583594,"val/accuracy":0.9721666666666666,"grad_norm/layer_0":0.8570754707688573,"_wandb":{"runtime":139}}