{"_step":9,"_timestamp":1.772712360074969e+09,"val/accuracy":0.8506666666666667,"train/loss":0.12577872921945288,"epoch":10,"train/f1":0.8518391888821985,"val/loss":0.11287481814502427,"val/f1":0.8486758367917695,"_runtime":70,"_wandb":{"runtime":70},"grad_norm/layer_0":0.03504741893079642,"train/accuracy":0.8537407407407407}