{"grad_norm/layer_0":5.114968803717218e-17,"val/loss":2.311568115232856,"train/accuracy":0.09872222222222223,"train/loss":2.3078505042093793,"_timestamp":1.7727359236708176e+09,"_wandb":{"runtime":107},"_runtime":107,"val/f1":0.01796116504854369,"epoch":10,"val/accuracy":0.09866666666666667,"train/f1":0.01797036962127724,"_step":9}