{"_runtime":1029,"train/accuracy":0.9839629629629629,"_step":9,"epoch":10,"val/loss":0.10467345019829867,"val/f1":0.9680046980905995,"val/accuracy":0.9681666666666666,"grad_norm/layer_0":0.20677104447930003,"train/f1":0.9838841143735889,"_timestamp":1.7727343631643276e+09,"train/loss":0.05507750260254373,"_wandb":{"runtime":1029}}