{"_step":9,"train/loss":0.0438295337141143,"train/f1":0.9883444090653357,"val/accuracy":0.9708333333333333,"val/loss":0.09836686225038398,"val/f1":0.9705933082581465,"grad_norm/layer_0":0.46802615647467793,"_timestamp":1.772736146803138e+09,"_wandb":{"runtime":62},"train/accuracy":0.9884074074074074,"_runtime":62,"epoch":10}