{"train/loss":0.18788794405948647,"train/f1":0.9486058413124434,"_step":9,"grad_norm/layer_0":0.5861553472200549,"_runtime":61,"val/accuracy":0.9441666666666667,"_timestamp":1.7727438438931444e+09,"val/loss":0.20433843121823805,"_wandb":{"runtime":61},"val/f1":0.9437136991337371,"epoch":10,"train/accuracy":0.9490925925925926}