{"train/accuracy":0.9905185185185185,"_runtime":107,"val/accuracy":0.9711666666666666,"grad_norm/layer_0":0.6221114549769987,"train/loss":0.039437235825621246,"_wandb":{"runtime":107},"val/loss":0.1217277383832218,"_timestamp":1.7727356793593643e+09,"_step":9,"train/f1":0.9904594732148995,"val/f1":0.9709286842984641,"epoch":10}