{"_wandb":{"runtime":49},"_runtime":49,"train/f1":0.8650077658779342,"val/accuracy":0.8628333333333333,"_step":9,"grad_norm/layer_0":0.34078878120358597,"train/accuracy":0.8662592592592593,"val/f1":0.8619953183847204,"val/loss":0.10883285715769776,"epoch":10,"_timestamp":1.7727146042164009e+09,"train/loss":0.11115814162475499}