{"grad_norm/layer_0":0.22303841075431055,"_wandb":{"runtime":55},"train/f1":0.8983703560961918,"_step":9,"_timestamp":1.7727414667551923e+09,"val/accuracy":0.8983333333333333,"train/loss":0.13893565541039088,"val/loss":0.1386438608773747,"_runtime":55,"epoch":10,"val/f1":0.8969996033737286,"train/accuracy":0.8997777777777778}