{"val/loss":0.1778470824150816,"val/f1":0.6713275433594228,"val/accuracy":0.7105,"_wandb":{"runtime":350},"_runtime":350,"train/accuracy":0.7117037037037037,"grad_norm/layer_0":0.01926269598025672,"_timestamp":1.7727131017585993e+09,"train/f1":0.6724454634195494,"epoch":10,"_step":9,"train/loss":0.17156688842242937}