{"_runtime":642,"val/accuracy":0.9451666666666667,"train/f1":0.9630512056687964,"train/loss":0.14474979850907316,"_wandb":{"runtime":642},"val/loss":0.274143493601927,"_timestamp":1.7727351649117103e+09,"epoch":10,"grad_norm/layer_0":0.0019325440957109225,"train/accuracy":0.9634444444444444,"_step":9,"val/f1":0.9447095756485435}