{"val/accuracy":0.8746666666666667,"train/f1":0.8839243356884461,"_runtime":35,"_timestamp":1.7727154329460032e+09,"train/loss":0.09033816727623385,"_step":9,"grad_norm/layer_0":0.25548348637680696,"_wandb":{"runtime":35},"epoch":10,"train/accuracy":0.8836666666666667,"val/f1":0.8748798732743278,"val/loss":0.09326927672980405}