{"train/loss":0.0478455222723963,"train/accuracy":0.9660185185185185,"val/loss":0.050331063998836224,"val/f1":0.9609677937067416,"val/accuracy":0.9611666666666666,"grad_norm/layer_0":0.1869818012390522,"_timestamp":1.7727418962052636e+09,"_runtime":58,"train/f1":0.9657674253231125,"_step":9,"_wandb":{"runtime":58},"epoch":10}