{"_timestamp":1.7727113567387462e+09,"_wandb":{"runtime":71},"train/loss":0.3705894494968898,"val/accuracy":0.8716666666666667,"train/f1":0.8732130635760178,"val/loss":0.3631375137545132,"epoch":10,"_step":9,"_runtime":71,"train/accuracy":0.872537037037037,"grad_norm/layer_0":0.9709786092126694,"val/f1":0.8718587073638553}