{"val/accuracy":0.8876666666666667,"val/f1":0.8874286038295747,"_wandb":{"runtime":114},"_runtime":114,"_step":9,"train/accuracy":0.8997592592592593,"_timestamp":1.7727107198931563e+09,"epoch":10,"train/loss":0.0777016618474805,"grad_norm/layer_0":0.13752770062227382,"val/loss":0.0830879170002021,"train/f1":0.8993042008289891}