{"train/accuracy":0.9655370370370371,"grad_norm/layer_0":0.22652471156038348,"val/f1":0.956490651958854,"_step":9,"_wandb":{"runtime":150},"train/f1":0.9653041980468258,"epoch":10,"_timestamp":1.7727437671421046e+09,"val/loss":0.15487493480370232,"_runtime":150,"val/accuracy":0.9568333333333333,"train/loss":0.133625463741059}