{"grad_norm/layer_0":0.7118472620816132,"_timestamp":1.772745017401374e+09,"val/loss":0.10465238395954639,"train/accuracy":0.9803148148148149,"train/f1":0.9801411508121267,"epoch":10,"_runtime":55,"train/loss":0.07468359072428223,"val/accuracy":0.9693333333333334,"val/f1":0.9691445813467215,"_step":9,"_wandb":{"runtime":55}}