{"epoch":10,"train/accuracy":0.9811666666666666,"_timestamp":1.7727432982684011e+09,"_step":9,"_runtime":44,"val/loss":0.02796932344557221,"val/f1":0.9750659660087871,"train/loss":0.024188095688488682,"_wandb":{"runtime":44},"train/f1":0.9811201218218673,"val/accuracy":0.9751666666666666,"grad_norm/layer_0":0.13836049409893522}