{"grad_norm/layer_0":0.09317580475573549,"val/f1":0.8133426066462123,"_timestamp":1.7727135651522744e+09,"_wandb":{"runtime":76},"epoch":10,"_runtime":76,"train/f1":0.8152131334992239,"_step":9,"train/loss":0.25900451612183617,"train/accuracy":0.8165185185185185,"val/accuracy":0.8136666666666666,"val/loss":0.2514026328277072}