{"val/accuracy":0.9706666666666667,"epoch":10,"train/accuracy":0.9772037037037037,"train/loss":0.030495361335474605,"_step":9,"grad_norm/layer_0":0.06004827022682789,"val/f1":0.9704066863584233,"val/loss":0.031018792190431382,"train/f1":0.9770472302507169,"_timestamp":1.7727392182424555e+09,"_wandb":{"runtime":231},"_runtime":231}